{
    "name": "loadServerData",
    "title": "Load Server Data",
    "description": "Load the Server Data without coding, just include jQuery & loadServerData.js plug-in it will automatically load the data.",
    "keywords": [
        "jquery-plugin",
		"ecosystem:jquery",
		"load",
		"server",
		"data",
		"timer",
		"tag"
    ],
    "version": "0.0.1",
    "author": {
        "name": "P.Benaya Paul",
		"email": "info@codeasearch.com",
        "url": "http://www.codeasearch.com"
    },
    "maintainers": [
        {
            "name": "P.Benaya Paul",
            "email": "info@codeasearch.com",
            "url": "http://www.codeasearch.com"
        }
    ],
    "licenses": [
        {
            "type": "MIT",
            "url": "https://github.com/benayapaul/loadServerData/blob/master/about/MIT-LICENSE.txt"
        }
    ],
    "bugs": "https://github.com/benayapaul/loadServerData/issues",
    "homepage": "http://www.codeasearch.com",
    "docs": "https://github.com/benayapaul/loadServerData/blob/master/README.md",
    "download": "",
    "dependencies": {
        "jquery": ">=1.11.0"
    }
}